{
    "vertices": [
 1.000000, -1.000000, -1.000000,
 1.000000, -1.000000,  1.000000,
-1.000000, -1.000000,  1.000000,
-1.000000, -1.000000, -1.000000,
 1.000000,  1.000000, -0.999999,
 0.999999,  1.000000,  1.000001,
-1.000000,  1.000000,  1.000000,
-1.000000,  1.000000, -1.000000
    ],
    "texels" : [
0.375624, 0.500625,
0.624375, 0.500624,
0.375625, 0.749375,
0.375625, 0.251875,
0.375624, 0.003126,
0.624374, 0.251874,
0.873126, 0.749375,
0.873126, 0.998126,
0.624375, 0.749375,
0.624375, 0.998126,
0.126874, 0.998126,
0.126874, 0.749375,
0.375625, 0.998126,
0.624373, 0.003126
    ],
    "faces": [
1,  1, 1,
2,  2, 1,
4,  3, 1,
5,  4, 2,
8,  5, 2,
6,  6, 2,
1,  1, 3,
5,  4, 3,
2,  2, 3,
2,  7, 4,
6,  8, 4,
3,  9, 4,
3,  9, 5,
7, 10, 5,
4,  3, 5,
5, 11, 6,
1, 12, 6,
8, 13, 6,
2,  2, 1,
3,  9, 1,
4,  3, 1,
8,  5, 2,
7, 14, 2,
6,  6, 2,
5,  4, 7,
6,  6, 7,
2,  2, 7,
6,  8, 4,
7, 10, 4,
3,  9, 4,
7, 10, 5,
8, 13, 5,
4,  3, 5,
1, 12, 6,
4,  3, 6,
8, 13, 6
    ],
    "normals" : [
 0.000000, -1.000000,  0.000000,
 0.000000,  1.000000,  0.000000,
 1.000000, -0.000000,  0.000000,
 0.000000, -0.000000,  1.000000,
-1.000000, -0.000000, -0.000000,
 0.000000,  0.000000, -1.000000,
 1.000000,  0.000000,  0.000001
 ],
    "material" : "cube.png"
}
